{"cameraMode":{"drawMode":0,"name":"Shaded","section":"Shading Mode"},"sceneLighting":true,"audioPlay":false,"sceneViewState":{"showFog":true,"showMaterialUpdate":false,"showSkybox":true,"showFlares":true,"showImageEffects":true,"showParticleSystems":true},"in2DMode":false,"pivot":{"x":-9.093033790588379,"y":-2.304837226867676,"z":8.209461212158204},"rotation":{"x":0.10713190585374832,"y":0.2885289490222931,"z":0.032507020980119708,"w":-0.9509042501449585},"size":20.893571853637697,"orthographic":false}