{"cameraMode":{"drawMode":0,"name":"Shaded","section":"Shading Mode"},"sceneLighting":true,"audioPlay":false,"sceneViewState":{"showFog":true,"showMaterialUpdate":false,"showSkybox":true,"showFlares":true,"showImageEffects":true,"showParticleSystems":true},"in2DMode":false,"pivot":{"x":9.230145454406739,"y":4.995765686035156,"z":-6.454006671905518},"rotation":{"x":-0.2433353066444397,"y":0.3245348334312439,"z":-0.08678615093231201,"w":-0.9099186062812805},"size":2.712153434753418,"orthographic":false}