{"cameraMode":{"drawMode":0,"name":"Shaded","section":"Shading Mode"},"sceneLighting":true,"audioPlay":false,"sceneViewState":{"showFog":true,"showMaterialUpdate":false,"showSkybox":true,"showFlares":true,"showImageEffects":true,"showParticleSystems":true},"in2DMode":false,"pivot":{"x":-91.03713989257813,"y":17.74212646484375,"z":261.08148193359377},"rotation":{"x":0.024871574714779855,"y":0.15739358961582185,"z":0.00398143520578742,"w":-0.9872355461120606},"size":313.348876953125,"orthographic":false}